characters,encoding
â‚¬,0
6,1
ğŸ¤“,2
=,3
-,4
?,5
s,6
i,7
t,8
ãª,9
ğŸ¤£,10
ã‚‰,11
Ã³,12
ğŸ™„,13
8,14
c,15
ğŸ¤·,16
Â£,17
Ã²,18
Ã¡,19
ãƒ„,20
Ã¼,21
Ã—,22
o,23
ğŸ»,24
Â¯,25
%,26
b,27
â€“,28
ğŸ¼,29
1,30
q,31
.,32
â€”,33
â¤,34
ğŸ’•,35
_,36
ğŸ¤”,37
(,38
â€˜,39
Â ,40
&,41
ğŸ˜ ,42
u,43
â€,44
ğŸ‡±,45
n,46
w,47
Ã¨,48
ğŸ˜,49
h,50
2,51
"",52
ğŸ˜,53
â€,54
èª°,55
d,56
ğŸ˜¬,57
f,58
â€™,59
ï¸,60
ğŸ¤¬,61
ğŸ¤¦,62
e,63
ã„,64
3,65
g,66
@,67
Â³,68
â™¡,69
+,70
],71
â™¥,72
â€¦,73
ğŸ…,74
ğŸ‘,75
ğŸ˜¢,76
Ä™,77
v,78
5,79
$,80
 ,81
Ã©,82
ã‚‚,83
ğŸ˜…,84
â„¢,85
a,86
ğŸ¤ª,87
y,88
ğŸ’œ,89
0,90
ğŸ’›,91
~,92
â‰ ,93
â™‚,94
|,95
â˜º,96
ğŸ’—,97
m,98
ğŸ˜Ÿ,99
ğŸ˜­,100
ğŸ‘,101
ğŸ™‚,102
Ä¯,103
ğŸ˜Š,104
:,105
ğŸ™ƒ,106
â€•,107
çŸ¥,108
z,109
â€œ,110
ğŸ‡¨,111
9,112
âœŒ,113
7,114
j,115
4,116
â™€,117
[,118
',119
ğŸ˜‚,120
â€,121
l,122
ğŸ‘Œ,123
ğŸ¤ ,124
Â´,125
ğŸ˜†,126
p,127
x,128
ğŸ˜±,129
#,130
ğŸ‘€,131
/,132
^,133
ğŸ˜“,134
ğŸ™,135
ğŸ¤¢,136
Ãº,137
ğŸ˜„,138
",",139
;,140
<,141
ğŸ˜”,142
r,143
Â°,144
!,145
),146
ğŸ˜«,147
ğŸ•,148
k,149
Ã­,150
>,151
ğŸ˜˜,152
ğŸ˜‘,153
ğŸ˜,154
ğŸ–¤,155
ğŸ˜³,156
